PageRank,Dijkstra,WCC,LPA
0.8416596069931984,0.01826311373244966,0.044439165387302595,0.04446415593847629
